<?xml version="1.0" encoding="UTF-8"?>
<project-private xmlns="http://www.netbeans.org/ns/project-private/1">
    <editor-bookmarks xmlns="http://www.netbeans.org/ns/editor-bookmarks/2" lastBookmarkId="0"/>
    <open-files xmlns="http://www.netbeans.org/ns/projectui-open-files/2">
        <group>
            <file>file:/C:/Users/lgsp1/OneDrive/Escritorio/Tareas/UNMSM/7°%20Ciclo/ADA/TareaComplejidadAlgortimica-SeguraPacherresLeonardo/src/tareacomplejidadalgortimica/segurapacherresleonardo/TareaComplejidadAlgortimicaSeguraPacherresLeonardo.java</file>
            <file>file:/C:/Users/lgsp1/OneDrive/Escritorio/Tareas/UNMSM/7°%20Ciclo/ADA/TareaComplejidadAlgortimica-SeguraPacherresLeonardo/src/tareacomplejidadalgortimica/segurapacherresleonardo/Tablero.java</file>
            <file>file:/C:/Users/lgsp1/OneDrive/Escritorio/Tareas/UNMSM/7°%20Ciclo/ADA/TareaComplejidadAlgortimica-SeguraPacherresLeonardo/src/tareacomplejidadalgortimica/segurapacherresleonardo/Palabra.java</file>
            <file>file:/C:/Users/lgsp1/OneDrive/Escritorio/Tareas/UNMSM/7°%20Ciclo/ADA/TareaComplejidadAlgortimica-SeguraPacherresLeonardo/src/tareacomplejidadalgortimica/segurapacherresleonardo/Buscador.java</file>
        </group>
    </open-files>
</project-private>
